"Metric","Type","Min","Q1.25.","Median","Mean","Q3.75.","Max"
"b.distance","Original",0,0,9,51.454,73.25,247
"b.distance","Resamples",0,0,0,0.021,0,3
"b.pearson","Original",0,1,7,51.568,76,246
"b.pearson","Resamples",0,0,0,0.0344,0,4
"hoeffding","Original",0,0,0,0,0,0
"hoeffding","Resamples",0,0,0,0,0,0
"kendall","Original",0,0,0,0.29,0,14
"kendall","Resamples",0,0,0,0,0,0
"m.distance","Original",0,1,10,39.864,56,214
"m.distance","Resamples",0,0,0,0.00682,0,2
"m.pearson","Original",0,1,10,39.702,59,219
"m.pearson","Resamples",0,0,0,0.01,0,4
"MIC","Original",0,0,1,5.014,4,66
"MIC","Resamples",0,0,0,0.02684,0,3
"spearman","Original",0,0,2,9.624,10,91
"spearman","Resamples",0,0,0,0.00438,0,2
